,MAE,MSE,RMSE,R2,set,modelo
0,1.6369864580196516,4.687012029658208,2.164950814604851,0.8082583477544117,test,Linear Regresion
1,1.5473483203786738,4.754429161585985,2.180465354364977,0.798638899872646,train,Linear Regresion
