,MAE,MSE,RMSE,R2,set,modelo
0,1.6369864580196516,4.687012029658208,2.164950814604851,0.8082583477544117,test,Linear Regresion
1,1.5473483203786738,4.754429161585985,2.180465354364977,0.798638899872646,train,Linear Regresion
0,1.386578705111473,4.547269586933941,2.132432786029595,0.8139750915321613,test,Decision Tree I
1,1.1151793774136618e-18,4.126992737972648e-34,2.031500120101559e-17,1.0,train,Decision Tree I
0,1.5172951496516627,3.836967377537957,1.9588178520571935,0.8430329472324397,test,Decision tree II
1,1.228951668453272,2.624394574557776,1.6199983254799297,0.8888508040101007,train,Decision tree II
